,mean,sd,mc_error,hpd_2.5,hpd_97.5,n_eff,Rhat
urban_mean,2.141602540358528,0.1441145508681911,0.000687590353008416,1.8668940335570128,2.4299213920791516,34041.609887311395,0.999981363593054
urban_std,1.0619271657513234,0.13992232504610236,0.0008189069386460599,0.7905603215404704,1.3372972775412721,26769.081045932617,1.000051324244944
rural_mean,4.12528225867082,0.1643292928415278,0.0007685007918395194,3.801166402273926,4.4485078997960095,50941.26838971628,0.9999812460272186
rural_std,1.2080412893774224,0.1318936456098408,0.0006845742020962024,0.9592609887093868,1.4734711317114326,33363.2180440921,0.9999755169340454
